{"text": " So\u00f1\u00e9 con el alma m\u00eda, so\u00f1aba con mis amores, que en mis brazos los ten\u00eda. Vi entrar se\u00f1ora muy blanca, muy m\u00e1s que la nieve fr\u00eda, por donde has entrado amor, como has entrado mi vida. Las puertas est\u00e1n cerradas, ventanas y celos\u00edas, no soy el amor amante, soy la muerte Dios me env\u00eda. Hay muerte tan rigurosa, d\u00e9jame vivir un d\u00eda, un d\u00eda no puede ser, una hora tienes de vida. Muy deprisa se calzaba, m\u00e1s deprisa se vest\u00eda, ya se va para la calle en donde su amor viv\u00eda. \u00c1breme la puerta blanca, \u00e1breme la puerta ni\u00f1a, \u00bfc\u00f3mo te podr\u00e9 yo abrir si la ocasi\u00f3n no es venida? Mi padre no fue a palacio, mi madre no est\u00e1 dormida, si no me abres esta noche, ya no me abrir\u00e1s querida. La muerte me anda buscando, junto a ti vida ser\u00eda, vete bajo mi ventana, donde labraba y cos\u00eda, te echar\u00e9 cord\u00f3n de seda, para que subas arriba, y si el hilo no alcanzar\u00e9, mis trenzas a\u00f1adir\u00eda. Se rompi\u00f3 el cord\u00f3n de seda, la muerte que all\u00ed ven\u00eda, vamos a ser enamorados, que la obra ya es cumplida.", "segments": [{"id": 0, "seek": 3000, "start": 30.0, "end": 40.32, "text": " So\u00f1\u00e9 con el alma m\u00eda, so\u00f1aba con mis amores, que en mis brazos los ten\u00eda.", "tokens": [50364, 407, 2791, 526, 416, 806, 32634, 275, 2686, 11, 370, 2791, 5509, 416, 3346, 669, 2706, 11, 631, 465, 3346, 1548, 27681, 1750, 23718, 13, 50880], "temperature": 0.0, "avg_logprob": -0.41218966529482887, "compression_ratio": 1.3546099290780143, "no_speech_prob": 0.8652295470237732}, {"id": 1, "seek": 3000, "start": 40.32, "end": 47.120000000000005, "text": " Vi entrar se\u00f1ora muy blanca, muy m\u00e1s que la nieve fr\u00eda,", "tokens": [50880, 6626, 20913, 41094, 5323, 888, 40835, 11, 5323, 3573, 631, 635, 2838, 303, 431, 2686, 11, 51220], "temperature": 0.0, "avg_logprob": -0.41218966529482887, "compression_ratio": 1.3546099290780143, "no_speech_prob": 0.8652295470237732}, {"id": 2, "seek": 3000, "start": 47.120000000000005, "end": 54.32, "text": " por donde has entrado amor, como has entrado mi vida.", "tokens": [51220, 1515, 10488, 575, 8041, 1573, 15543, 11, 2617, 575, 8041, 1573, 2752, 7644, 13, 51580], "temperature": 0.0, "avg_logprob": -0.41218966529482887, "compression_ratio": 1.3546099290780143, "no_speech_prob": 0.8652295470237732}, {"id": 3, "seek": 5432, "start": 55.2, "end": 61.12, "text": " Las puertas est\u00e1n cerradas, ventanas y celos\u00edas,", "tokens": [50408, 10663, 2362, 49215, 10368, 10146, 48906, 11, 6931, 14292, 288, 9277, 329, 10025, 11, 50704], "temperature": 0.0, "avg_logprob": -0.3923014472512638, "compression_ratio": 1.0957446808510638, "no_speech_prob": 0.14088691771030426}, {"id": 4, "seek": 5432, "start": 61.12, "end": 67.68, "text": " no soy el amor amante, soy la muerte Dios me env\u00eda.", "tokens": [50704, 572, 8812, 806, 15543, 669, 2879, 11, 8812, 635, 38497, 21838, 385, 2267, 2686, 13, 51032], "temperature": 0.0, "avg_logprob": -0.3923014472512638, "compression_ratio": 1.0957446808510638, "no_speech_prob": 0.14088691771030426}, {"id": 5, "seek": 8432, "start": 84.32, "end": 102.88, "text": " Hay muerte tan rigurosa, d\u00e9jame vivir un d\u00eda,", "tokens": [50364, 8721, 38497, 7603, 8329, 374, 6447, 11, 2795, 73, 529, 39656, 517, 12271, 11, 51292], "temperature": 0.0, "avg_logprob": -0.39250901341438293, "compression_ratio": 1.0804597701149425, "no_speech_prob": 0.0017799175111576915}, {"id": 6, "seek": 8432, "start": 102.88, "end": 110.16, "text": " un d\u00eda no puede ser, una hora tienes de vida.", "tokens": [51292, 517, 12271, 572, 8919, 816, 11, 2002, 15098, 20716, 368, 7644, 13, 51656], "temperature": 0.0, "avg_logprob": -0.39250901341438293, "compression_ratio": 1.0804597701149425, "no_speech_prob": 0.0017799175111576915}, {"id": 7, "seek": 11016, "start": 110.16, "end": 116.39999999999999, "text": " Muy deprisa se calzaba, m\u00e1s deprisa se vest\u00eda,", "tokens": [50364, 39586, 1367, 81, 3837, 369, 2104, 89, 5509, 11, 3573, 1367, 81, 3837, 369, 15814, 2686, 11, 50676], "temperature": 0.0, "avg_logprob": -0.25832753711276585, "compression_ratio": 1.3443708609271523, "no_speech_prob": 0.012424170970916748}, {"id": 8, "seek": 11016, "start": 116.39999999999999, "end": 123.67999999999999, "text": " ya se va para la calle en donde su amor viv\u00eda.", "tokens": [50676, 2478, 369, 2773, 1690, 635, 45092, 465, 10488, 459, 15543, 11005, 2686, 13, 51040], "temperature": 0.0, "avg_logprob": -0.25832753711276585, "compression_ratio": 1.3443708609271523, "no_speech_prob": 0.012424170970916748}, {"id": 9, "seek": 11016, "start": 123.67999999999999, "end": 130.0, "text": " \u00c1breme la puerta blanca, \u00e1breme la puerta ni\u00f1a,", "tokens": [51040, 24205, 2672, 1398, 635, 48597, 888, 40835, 11, 7352, 2672, 1398, 635, 48597, 3867, 12150, 11, 51356], "temperature": 0.0, "avg_logprob": -0.25832753711276585, "compression_ratio": 1.3443708609271523, "no_speech_prob": 0.012424170970916748}, {"id": 10, "seek": 11016, "start": 130.0, "end": 137.28, "text": " \u00bfc\u00f3mo te podr\u00e9 yo abrir si la ocasi\u00f3n no es venida?", "tokens": [51356, 3841, 46614, 535, 2497, 10521, 5290, 27446, 1511, 635, 44534, 2560, 572, 785, 6138, 2887, 30, 51720], "temperature": 0.0, "avg_logprob": -0.25832753711276585, "compression_ratio": 1.3443708609271523, "no_speech_prob": 0.012424170970916748}, {"id": 11, "seek": 13728, "start": 137.28, "end": 143.68, "text": " Mi padre no fue a palacio, mi madre no est\u00e1 dormida,", "tokens": [50364, 10204, 34781, 572, 9248, 257, 3984, 24571, 11, 2752, 32966, 572, 3192, 12521, 2887, 11, 50684], "temperature": 0.0, "avg_logprob": -0.2849979658384581, "compression_ratio": 1.202247191011236, "no_speech_prob": 0.03783150389790535}, {"id": 12, "seek": 13728, "start": 143.68, "end": 150.72, "text": " si no me abres esta noche, ya no me abrir\u00e1s querida.", "tokens": [50684, 1511, 572, 385, 410, 495, 5283, 29735, 11, 2478, 572, 385, 27446, 2490, 7083, 2887, 13, 51036], "temperature": 0.0, "avg_logprob": -0.2849979658384581, "compression_ratio": 1.202247191011236, "no_speech_prob": 0.03783150389790535}, {"id": 13, "seek": 15072, "start": 151.68, "end": 170.72, "text": " La muerte me anda buscando, junto a ti vida ser\u00eda,", "tokens": [50412, 2369, 38497, 385, 21851, 46804, 11, 24663, 257, 8757, 7644, 23679, 11, 51364], "temperature": 0.0, "avg_logprob": -0.4251248330780954, "compression_ratio": 1.127906976744186, "no_speech_prob": 0.36024928092956543}, {"id": 14, "seek": 15072, "start": 170.72, "end": 177.6, "text": " vete bajo mi ventana, donde labraba y cos\u00eda,", "tokens": [51364, 371, 3498, 30139, 2752, 6931, 2095, 11, 10488, 2715, 424, 4231, 288, 3792, 2686, 11, 51708], "temperature": 0.0, "avg_logprob": -0.4251248330780954, "compression_ratio": 1.127906976744186, "no_speech_prob": 0.36024928092956543}, {"id": 15, "seek": 17760, "start": 178.07999999999998, "end": 184.56, "text": " te echar\u00e9 cord\u00f3n de seda, para que subas arriba,", "tokens": [50388, 535, 308, 7374, 526, 12250, 1801, 368, 262, 8801, 11, 1690, 631, 1422, 296, 28469, 11, 50712], "temperature": 0.0, "avg_logprob": -0.25659008349402473, "compression_ratio": 1.288, "no_speech_prob": 0.01941036246716976}, {"id": 16, "seek": 17760, "start": 184.56, "end": 191.84, "text": " y si el hilo no alcanzar\u00e9, mis trenzas a\u00f1adir\u00eda.", "tokens": [50712, 288, 1511, 806, 276, 10720, 572, 50200, 289, 526, 11, 3346, 23136, 24561, 44980, 347, 2686, 13, 51076], "temperature": 0.0, "avg_logprob": -0.25659008349402473, "compression_ratio": 1.288, "no_speech_prob": 0.01941036246716976}, {"id": 17, "seek": 17760, "start": 191.84, "end": 198.24, "text": " Se rompi\u00f3 el cord\u00f3n de seda, la muerte que all\u00ed ven\u00eda,", "tokens": [51076, 1100, 7438, 79, 7138, 806, 12250, 1801, 368, 262, 8801, 11, 635, 38497, 631, 34294, 6138, 2686, 11, 51396],