{"text": " Yn ystod y 2000, mae'r cyfle i ddod yn ystod y 2000 yn ystod y 2000. Yn ystod y 2000, mae'r cyfle i ddod yn ystod y 2000 yn ystod y 2000. Yn ystod y 2000, mae'r cyfle i ddod yn ystod y 2000 yn ystod y 2000. Rwy'n dal i gael y cyfle i ddod yn ystod y 2000 ar y cyfle i ddod yn yr ysgolau. Rwy'n dal i gael yr ysgolau. Cymorth ymlaen, Cymorth ymlaen, Cymorth ymlaen, Cymorth ymlaen, Cymorth ymlaen, Cymorth ymlaen, Hey you, don't help them to bury the light Don't give in without a fight Hey you, out there on your own Sitting naked by the phone, would you touch me? Hey you, with your ear against the wall Waiting for someone to call out, would you touch me? Hey you, would you help me to carry the stone? Open your heart, I'm coming home Hey you, with your ear against the wall Waiting for someone to call out, would you touch me? But it was only fantasy The wall was too high, as you can see No matter how he tried, he could not break free And the worms ate into his brain And now he's a murderer Hey you, out there on the road Always doing what you're told, can you help me? Hey you, out there beyond the wall Freaking bottles in the hall, can you help me? Hey you, don't tell me there's no hope at all Together we stand, divided we fall", "segments": [{"id": 0, "seek": 0, "start": 0.0, "end": 8.0, "text": " Yn ystod y 2000, mae'r cyfle i ddod yn ystod y 2000 yn ystod y 2000.", "tokens": [50364, 398, 77, 288, 372, 378, 288, 220, 2009, 15, 15, 11, 43783, 6, 81, 3185, 38921, 741, 274, 67, 378, 17861, 288, 372, 378, 288, 220, 2009, 628, 17861, 288, 372, 378, 288, 945, 628, 13, 50764], "temperature": 0.0, "avg_logprob": -0.768898817209097, "compression_ratio": 3.9615384615384617, "no_speech_prob": 0.9568129777908325}, {"id": 1, "seek": 0, "start": 8.0, "end": 16.0, "text": " Yn ystod y 2000, mae'r cyfle i ddod yn ystod y 2000 yn ystod y 2000.", "tokens": [50764, 398, 77, 288, 372, 378, 288, 8132, 11, 43783, 6, 81, 3185, 38921, 741, 274, 67, 378, 17861, 288, 372, 378, 288, 8132, 17861, 288, 372, 378, 288, 8132, 13, 51164], "temperature": 0.0, "avg_logprob": -0.768898817209097, "compression_ratio": 3.9615384615384617, "no_speech_prob": 0.9568129777908325}, {"id": 2, "seek": 0, "start": 16.0, "end": 24.0, "text": " Yn ystod y 2000, mae'r cyfle i ddod yn ystod y 2000 yn ystod y 2000.", "tokens": [51164, 398, 77, 288, 372, 378, 288, 8132, 11, 43783, 6, 81, 3185, 38921, 741, 274, 67, 378, 17861, 288, 372, 378, 288, 8132, 17861, 288, 372, 378, 288, 8132, 13, 51564], "temperature": 0.0, "avg_logprob": -0.768898817209097, "compression_ratio": 3.9615384615384617, "no_speech_prob": 0.9568129777908325}, {"id": 3, "seek": 2400, "start": 24.0, "end": 32.0, "text": " Rwy'n dal i gael y cyfle i ddod yn ystod y 2000 ar y cyfle i ddod yn yr ysgolau.", "tokens": [50364, 497, 9726, 6, 77, 11702, 741, 290, 4300, 288, 3185, 38921, 741, 274, 67, 378, 17861, 288, 372, 378, 288, 8132, 594, 288, 3185, 38921, 741, 274, 67, 378, 17861, 37739, 288, 82, 70, 401, 1459, 13, 50764], "temperature": 0.6, "avg_logprob": -0.6663235809843419, "compression_ratio": 2.303370786516854, "no_speech_prob": 0.34933799505233765}, {"id": 4, "seek": 2400, "start": 32.0, "end": 36.0, "text": " Rwy'n dal i gael yr ysgolau.", "tokens": [50764, 497, 9726, 6, 77, 11702, 741, 290, 4300, 37739, 288, 82, 70, 401, 1459, 13, 50964], "temperature": 0.6, "avg_logprob": -0.6663235809843419, "compression_ratio": 2.303370786516854, "no_speech_prob": 0.34933799505233765}, {"id": 5, "seek": 2400, "start": 36.0, "end": 39.0, "text": " Cymorth ymlaen,", "tokens": [50964, 383, 4199, 2652, 288, 76, 875, 268, 11, 51114], "temperature": 0.6, "avg_logprob": -0.6663235809843419, "compression_ratio": 2.303370786516854, "no_speech_prob": 0.34933799505233765}, {"id": 6, "seek": 2400, "start": 39.0, "end": 41.0, "text": " Cymorth ymlaen,", "tokens": [51114, 383, 4199, 2652, 288, 76, 875, 268, 11, 51214], "temperature": 0.6, "avg_logprob": -0.6663235809843419, "compression_ratio": 2.303370786516854, "no_speech_prob": 0.34933799505233765}, {"id": 7, "seek": 2400, "start": 41.0, "end": 44.0, "text": " Cymorth ymlaen,", "tokens": [51214, 383, 4199, 2652, 288, 76, 875, 268, 11, 51364], "temperature": 0.6, "avg_logprob": -0.6663235809843419, "compression_ratio": 2.303370786516854, "no_speech_prob": 0.34933799505233765}, {"id": 8, "seek": 2400, "start": 44.0, "end": 47.0, "text": " Cymorth ymlaen,", "tokens": [51364, 383, 4199, 2652, 288, 76, 875, 268, 11, 51514], "temperature": 0.6, "avg_logprob": -0.6663235809843419, "compression_ratio": 2.303370786516854, "no_speech_prob": 0.34933799505233765}, {"id": 9, "seek": 2400, "start": 47.0, "end": 50.0, "text": " Cymorth ymlaen,", "tokens": [51514, 383, 4199, 2652, 288, 76, 875, 268, 11, 51664], "temperature": 0.6, "avg_logprob": -0.6663235809843419, "compression_ratio": 2.303370786516854, "no_speech_prob": 0.34933799505233765}, {"id": 10, "seek": 2400, "start": 50.0, "end": 53.0, "text": " Cymorth ymlaen,", "tokens": [51664, 383, 4199, 2652, 288, 76, 875, 268, 11, 51814], "temperature": 0.6, "avg_logprob": -0.6663235809843419, "compression_ratio": 2.303370786516854, "no_speech_prob": 0.34933799505233765}, {"id": 11, "seek": 5300, "start": 53.0, "end": 63.0, "text": " Hey you, don't help them to bury the light", "tokens": [50364, 389, 2030, 291, 11, 500, 380, 854, 552, 281, 28919, 264, 1442, 50864], "temperature": 0.0, "avg_logprob": -0.5213742446899414, "compression_ratio": 1.0, "no_speech_prob": 0.5962240695953369}, {"id": 12, "seek": 5300, "start": 63.0, "end": 71.0, "text": " Don't give in without a fight", "tokens": [50864, 1468, 380, 976, 294, 1553, 257, 2092, 51264], "temperature": 0.0, "avg_logprob": -0.5213742446899414, "compression_ratio": 1.0, "no_speech_prob": 0.5962240695953369}, {"id": 13, "seek": 7100, "start": 71.0, "end": 82.0, "text": " Hey you, out there on your own", "tokens": [50364, 1911, 291, 11, 484, 456, 322, 428, 1065, 50914], "temperature": 0.0, "avg_logprob": -0.19714786529541015, "compression_ratio": 1.4491525423728813, "no_speech_prob": 0.025095099583268166}, {"id": 14, "seek": 7100, "start": 82.0, "end": 86.0, "text": " Sitting naked by the phone, would you touch me?", "tokens": [50914, 43129, 15791, 538, 264, 2593, 11, 576, 291, 2557, 385, 30, 51114], "temperature": 0.0, "avg_logprob": -0.19714786529541015, "compression_ratio": 1.4491525423728813, "no_speech_prob": 0.025095099583268166}, {"id": 15, "seek": 7100, "start": 86.0, "end": 93.0, "text": " Hey you, with your ear against the wall", "tokens": [51114, 1911, 291, 11, 365, 428, 1273, 1970, 264, 2929, 51464], "temperature": 0.0, "avg_logprob": -0.19714786529541015, "compression_ratio": 1.4491525423728813, "no_speech_prob": 0.025095099583268166}, {"id": 16, "seek": 7100, "start": 93.0, "end": 97.0, "text": " Waiting for someone to call out, would you touch me?", "tokens": [51464, 37291, 337, 1580, 281, 818, 484, 11, 576, 291, 2557, 385, 30, 51664], "temperature": 0.0, "avg_logprob": -0.19714786529541015, "compression_ratio": 1.4491525423728813, "no_speech_prob": 0.025095099583268166}, {"id": 17, "seek": 9700, "start": 97.0, "end": 108.0, "text": " Hey you, would you help me to carry the stone?", "tokens": [50364, 1911, 291, 11, 576, 291, 854, 385, 281, 3985, 264, 7581, 30, 50914], "temperature": 0.0, "avg_logprob": -0.25816701889038085, "compression_ratio": 1.0, "no_speech_prob": 0.01985449343919754}, {"id": 18, "seek": 9700, "start": 108.0, "end": 116.0, "text": " Open your heart, I'm coming home", "tokens": [50914, 7238, 428, 1917, 11, 286, 478, 1348, 1280, 51314], "temperature": 0.0, "avg_logprob": -0.25816701889038085, "compression_ratio": 1.0, "no_speech_prob": 0.01985449343919754}, {"id": 19, "seek": 12700, "start": 127.0, "end": 141.0, "text": " Hey you, with your ear against the wall", "tokens": [50364, 1911, 291, 11, 365, 428, 1273, 1970, 264, 2929, 51064], "temperature": 0.0, "avg_logprob": -0.44697920481363934, "compression_ratio": 1.0952380952380953, "no_speech_prob": 0.7834790945053101}, {"id": 20,